Workbook

Sheet Sprint 1
A1: Project name: | C1: SmartTrial | F1: Kết thúc
A2: Module name: | C2: Sprint 1 | F2: Tăng ca
A3: Start date: | C3: 46244 | F3: Muộn
A4: End date: | C4: 46182 | F4: Chậm tiến độ
F5: Trước thời hạn
B6: SPRINT 1 REPORT
B7: No | C7: Thành viên | D7: Thực tế | E7: Ước tính
B8: 1 | C8: Phạm Phú Hưng | D8: =SUMIF($D$15:$D$65,"*Hưng*",E$15:E$65)+SUMIF($D$15:$D$65,"All team",E$15:E$65) -> 18 | E8: =SUMIF($D$15:$D$65,"*Hưng*",F$15:F$65)+SUMIF($D$15:$D$65,"All team",F$15:F$65) -> 18
B9: 2 | C9: Nguyễn Minh Khôi | D9: =SUMIF($D$15:$D$65,"*Khôi*",E$15:E$65)-SUMIF($D$15:$D$65,"*Đăng Khôi*",E$15:E$65)+SUMIF($D$15:$D$65,"All team",E$15:E$65) -> 18.5 | E9: =SUMIF($D$15:$D$65,"*Khôi*",F$15:F$65)-SUMIF($D$15:$D$65,"*Đăng Khôi*",F$15:F$65)+SUMIF($D$15:$D$65,"All team",F$15:F$65) -> 19
B10: 3 | C10: Nguyễn Đăng Khôi | D10: =SUMIF($D$15:$D$65,"*Đăng Khôi*",E$15:E$65)+SUMIF($D$15:$D$65,"All team",E$15:E$65) -> 21 | E10: =SUMIF($D$15:$D$65,"*Đăng Khôi*",F$15:F$65)+SUMIF($D$15:$D$65,"All team",F$15:F$65) -> 19
B11: 4 | C11: Trần Tấn Huy | D11: =SUMIF($D$15:$D$65,"*Huy*",E$15:E$65)+SUMIF($D$15:$D$65,"All team",E$15:E$65) -> 19 | E11: =SUMIF($D$15:$D$65,"*Huy*",F$15:F$65)+SUMIF($D$15:$D$65,"All team",F$15:F$65) -> 19
B12: Tổng | D12: =SUM(D8:D11) -> 76.5 | E12: =SUM(E8:E11) -> 75
A14: Sprint | B14: Component | C14: Task name | D14: Responsible Member | E14: Thực tế | F14: Ước tính | G14: 26/8 | H14: 27/08 | I14: 28/08 | J14: 29/08 | K14: 30/08 | L14: 31/08 | M14: 46031 | N14: 46062 | O14: 46090 | P14: 46121 | Q14: 46151 | R14: 46182 | S14: 46212 | T14: 46243 | U14: 46274 | V14: 46304 | W14: 46335 | AK14: Ngày | AL14: 26/8 | AM14: 27/08 | AN14: 28/08 | AO14: 29/08 | AP14: 30/08 | AQ14: 31/08 | AR14: 46031 | AS14: 46062 | AT14: 46090 | AU14: 46121 | AV14: 46151 | AW14: 46182 | AX14: 46212 | AY14: 46243 | AZ14: 46274 | BA14: 46304 | BB14: 46335
A15: SPRINT 1 | B15: Sprint Planning | C15: Họp kế hoạch Sprint 1 | D15: All team | E15: 1 | F15: 1 | G15: 0 | H15: 0 | I15: 0 | J15: 0 | K15: 0 | L15: 0 | M15: 0 | N15: 0 | O15: 0 | P15: 0 | Q15: 0 | R15: 0 | S15: 0 | T15: 0 | U15: 0 | V15: 0 | W15: 0 | AK15: Thực tế | AL15: =G66 -> 55 | AM15: =H66 -> 53.5 | AN15: =I66 -> 51 | AO15: =J66 -> 45 | AP15: =K66 -> 40 | AQ15: =L66 -> 37 | AR15: =M66 -> 36 | AS15: =N66 -> 31 | ... BB15: =W66 -> 0
C16: Tạo Sprint Backlog 1 | D16: Khôi, Đăng Khôi | E16: 1 | F16: 1 | G16: 1 | H16: 0 | I16: 0 | J16: 0 | K16: 0 | L16: 0 | M16: 0 | N16: 0 | O16: 0 | P16: 0 | Q16: 0 | R16: 0 | S16: 0 | T16: 0 | U16: 0 | V16: 0 | W16: 0 | AK16: Ước tính | AL16: =G67 -> 55 | AM16: =H67 -> 53 | AN16: =I67 -> 51.5 | AO16: =J67 -> 45 | AP16: =K67 -> 40 | AQ16: =L67 -> 37 | AR16: =M67 -> 36 | AS16: =N67 -> 31 | ... BB16: =W67 -> 0
C17: Tạo tài liệu kiểm thử cho Sprint 1 | D17: Huy, Khôi | E17: 1 | F17: 1 | G17: 1 | H17: 0 | I17: 0 | J17: 0 | K17: 0 | L17: 0 | M17: 0 | N17: 0 | O17: 0 | P17: 0 | Q17: 0 | R17: 0 | S17: 0 | T17: 0 | U17: 0 | V17: 0 | W17: 0
B18: User interface design | C18: Thiết kế giao diện Đăng nhập | D18: Huy | E18: 1 | F18: 1 | G18: 1 | H18: 1 | I18: 0 | J18: 0 | K18: 0 | L18: 0 | M18: 0 | N18: 0 | O18: 0 | P18: 0 | Q18: 0 | R18: 0 | S18: 0 | T18: 0 | U18: 0 | V18: 0 | W18: 0
C19: Thiết kế giao diện Đăng ký | D19: Khôi | E19: 0.5 | F19: 1 | G19: 1 | H19: 1 | I19: 0 | J19: 0 | K19: 0 | L19: 0 | M19: 0 | N19: 0 | O19: 0 | P19: 0 | Q19: 0 | R19: 0 | S19: 0 | T19: 0 | U19: 0 | V19: 0 | W19: 0
I20: 0.5
C21: Thiết kế giao diện Đổi mật khẩu | D21: Huy | E21: 1 | F21: 1 | G21: 1 | H21: 1 | I21: 1 | J21: 0 | K21: 0 | L21: 0 | M21: 0 | N21: 0 | O21: 0 | P21: 0 | Q21: 0 | R21: 0 | S21: 0 | T21: 0 | U21: 0 | V21: 0 | W21: 0
C22: Thiết kế giao diện Tài khoản cá nhân | D22: Khôi | E22: 1 | F22: 1 | G22: 1 | H22: 1 | I22: 1 | J22: 0 | K22: 0 | L22: 0 | M22: 0 | N22: 0 | O22: 0 | P22: 0 | Q22: 0 | R22: 0 | S22: 0 | T22: 0 | U22: 0 | V22: 0 | W22: 0
C23: Thiết kế giao diện Lấy lại mật khẩu | D23: Huy | E23: 1 | F23: 1 | G23: 1 | H23: 1 | I23: 1 | J23: 0 | K23: 0 | L23: 0 | M23: 0 | N23: 0 | O23: 0 | P23: 0 | Q23: 0 | R23: 0 | S23: 0 | T23: 0 | U23: 0 | V23: 0 | W23: 0
C24: Thiết kế giao diện Xem thông tin giáo viên | D24: Khôi | E24: 1 | F24: 1 | G24: 1 | H24: 1 | I24: 1 | J24: 0 | K24: 0 | L24: 0 | M24: 0 | N24: 0 | O24: 0 | P24: 0 | Q24: 0 | R24: 0 | S24: 0 | T24: 0 | U24: 0 | V24: 0 | W24: 0
C25: Thiết kế giao diện Tìm kiếm giáo viên | D25: Huy | E25: 1 | F25: 1 | G25: 1 | H25: 1 | I25: 1 | J25: 0 | K25: 0 | L25: 0 | M25: 0 | N25: 0 | O25: 0 | P25: 0 | Q25: 0 | R25: 0 | S25: 0 | T25: 0 | U25: 0 | V25: 0 | W25: 0
C26: Thiết kế giao diện Xem lịch trống | D26: Khôi | E26: 1 | F26: 1 | G26: 1 | H26: 1 | I26: 1 | J26: 0 | K26: 0 | L26: 0 | M26: 0 | N26: 0 | O26: 0 | P26: 0 | Q26: 0 | R26: 0 | S26: 0 | T26: 0 | U26: 0 | V26: 0 | W26: 0
C27: Review toàn bộ giao diện Sprint | D27: All team | E27: 1 | F27: 1 | G27: 1 | H27: 1 | I27: 1 | J27: 1 | K27: 0 | L27: 0 | M27: 0 | N27: 0 | O27: 0 | P27: 0 | Q27: 0 | R27: 0 | S27: 0 | T27: 0 | U27: 0 | V27: 0 | W27: 0
B28: Design test case | C28: Thiết kế test case cho Đăng nhập | D28: Huy | E28: 1 | F28: 1 | G28: 1 | H28: 1 | I28: 1 | J28: 1 | K28: 0 | L28: 0 | M28: 0 | N28: 0 | O28: 0 | P28: 0 | Q28: 0 | R28: 0 | S28: 0 | T28: 0 | U28: 0 | V28: 0 | W28: 0
C29: Thiết kế test case cho Đăng ký | D29: Khôi | E29: 1 | F29: 1 | G29: 1 | H29: 1 | I29: 1 | J29: 1 | K29: 0 | L29: 0 | M29: 0 | N29: 0 | O29: 0 | P29: 0 | Q29: 0 | R29: 0 | S29: 0 | T29: 0 | U29: 0 | V29: 0 | W29: 0
C30: Thiết kế test case cho Đổi mật khẩu | D30: Huy | E30: 1 | F30: 1 | G30: 1 | H30: 1 | I30: 1 | J30: 1 | K30: 0 | L30: 0 | M30: 0 | N30: 0 | O30: 0 | P30: 0 | Q30: 0 | R30: 0 | S30: 0 | T30: 0 | U30: 0 | V30: 0 | W30: 0
C31: Thiết kế test case cho Tài khoản cá nhân | D31: Khôi | E31: 1 | F31: 1 | G31: 1 | H31: 1 | I31: 1 | J31: 1 | K31: 0 | L31: 0 | M31: 0 | N31: 0 | O31: 0 | P31: 0 | Q31: 0 | R31: 0 | S31: 0 | T31: 0 | U31: 0 | V31: 0 | W31: 0
C32: Thiết kế test case cho Lấy lại mật khẩu | D32: Huy | E32: 1 | F32: 1 | G32: 1 | H32: 1 | I32: 1 | J32: 1 | K32: 1 | L32: 0 | M32: 0 | N32: 0 | O32: 0 | P32: 0 | Q32: 0 | R32: 0 | S32: 0 | T32: 0 | U32: 0 | V32: 0 | W32: 0
C33: Thiết kế test case cho Xem thông tin giáo viên | D33: Khôi | E33: 1 | F33: 1 | G33: 1 | H33: 1 | I33: 1 | J33: 1 | K33: 1 | L33: 0 | M33: 0 | N33: 0 | O33: 0 | P33: 0 | Q33: 0 | R33: 0 | S33: 0 | T33: 0 | U33: 0 | V33: 0 | W33: 0
C34: Thiết kế test case cho Tìm kiếm giáo viên | D34: Huy | E34: 1 | F34: 1 | G34: 1 | H34: 1 | I34: 1 | J34: 1 | K34: 1 | L34: 1 | M34: 0 | N34: 0 | O34: 0 | P34: 0 | Q34: 0 | R34: 0 | S34: 0 | T34: 0 | U34: 0 | V34: 0 | W34: 0
C35: Thiết kế test case cho Xem lịch trống | D35: Khôi | E35: 1 | F35: 1 | G35: 1 | H35: 1 | I35: 1 | J35: 1 | K35: 1 | L35: 0 | M35: 0 | N35: 0 | O35: 0 | P35: 0 | Q35: 0 | R35: 0 | S35: 0 | T35: 0 | U35: 0 | V35: 0 | W35: 0
C36: Review toàn bộ test case Sprint | D36: All team | E36: 1 | F36: 1 | G36: 1 | H36: 1 | I36: 1 | J36: 1 | K36: 1 | L36: 1 | M36: 1 | N36: 0 | O36: 0 | P36: 0 | Q36: 0 | R36: 0 | S36: 0 | T36: 0 | U36: 0 | V36: 0 | W36: 0
B37: Development | C37: Code chức năng Đăng nhập | D37: Đăng Khôi | E37: 2 | F37: 2 | G37: 2 | H37: 2 | I37: 2 | J37: 2 | K37: 2 | L37: 2 | M37: 2 | N37: 0 | O37: 0 | P37: 0 | Q37: 0 | R37: 0 | S37: 0 | T37: 0 | U37: 0 | V37: 0 | W37: 0
C38: Code chức năng Đăng ký | D38: Hưng | E38: 2 | F38: 2 | G38: 2 | H38: 2 | I38: 2 | J38: 2 | K38: 2 | L38: 2 | M38: 2 | N38: 0 | O38: 0 | P38: 0 | Q38: 0 | R38: 0 | S38: 0 | T38: 0 | U38: 0 | V38: 0 | W38: 0
C39: Code chức năng Đổi mật khẩu | D39: Đăng Khôi | E39: 3 | F39: 2 | G39: 2 | H39: 2 | I39: 2 | J39: 2 | K39: 2 | L39: 2 | M39: 2 | N39: 2 | O39: 2 | P39: 0 | Q39: 0 | R39: 0 | S39: 0 | T39: 0 | U39: 0 | V39: 0 | W39: 0
P40: 1
C41: Code chức năng Tài khoản cá nhân | D41: Hưng | E41: 2 | F41: 2 | G41: 2 | H41: 2 | I41: 2 | J41: 2 | K41: 2 | L41: 2 | M41: 2 | N41: 2 | O41: 2 | P41: 0 | Q41: 0 | R41: 0 | S41: 0 | T41: 0 | U41: 0 | V41: 0 | W41: 0
C42: Code chức năng Lấy lại mật khẩu | D42: Đăng Khôi | E42: 2 | F42: 2 | G42: 2 | H42: 2 | I42: 2 | J42: 2 | K42: 2 | L42: 2 | M42: 2 | N42: 2 | O42: 2 | P42: 2 | Q42: 0 | R42: 0 | S42: 0 | T42: 0 | U42: 0 | V42: 0 | W42: 0
C43: Code chức năng Xem thông tin giáo viên | D43: Hưng | E43: 2 | F43: 2 | G43: 2 | H43: 2 | I43: 2 | J43: 2 | K43: 2 | L43: 2 | M43: 2 | N43: 2 | O43: 2 | P43: 2 | Q43: 0 | R43: 0 | S43: 0 | T43: 0 | U43: 0 | V43: 0 | W43: 0
C44: Code chức năng Tìm kiếm giáo viên | D44: Đăng Khôi | E44: 2 | F44: 2 | G44: 2 | H44: 2 | I44: 2 | J44: 2 | K44: 2 | L44: 2 | M44: 2 | N44: 2 | O44: 2 | P44: 2 | Q44: 0 | R44: 0 | S44: 0 | T44: 0 | U44: 0 | V44: 0 | W44: 0
C45: Code chức năng Xem lịch trống | D45: Hưng | E45: 2 | F45: 2 | G45: 2 | H45: 2 | I45: 2 | J45: 2 | K45: 2 | L45: 2 | M45: 2 | N45: 2 | O45: 2 | P45: 2 | Q45: 0 | R45: 0 | S45: 0 | T45: 0 | U45: 0 | V45: 0 | W45: 0
B46: Testing & Fix bug | C46: Test chức năng Đăng nhập | D46: Huy | E46: 1 | F46: 1 | G46: 1 | H46: 1 | I46: 1 | J46: 1 | K46: 1 | L46: 1 | M46: 1 | N46: 1 | O46: 1 | P46: 1 | Q46: 1 | R46: 0 | S46: 0 | T46: 0 | U46: 0 | V46: 0 | W46: 0
C47: Fix bug Đăng nhập | D47: Đăng Khôi | E47: 1 | F47: 1 | G47: 1 | H47: 1 | I47: 1 | J47: 1 | K47: 1 | L47: 1 | M47: 1 | N47: 1 | O47: 1 | P47: 1 | Q47: 1 | R47: 0 | S47: 0 | T47: 0 | U47: 0 | V47: 0 | W47: 0
C48: Test chức năng Đăng ký | D48: Khôi | E48: 1 | F48: 1 | G48: 1 | H48: 1 | I48: 1 | J48: 1 | K48: 1 | L48: 1 | M48: 1 | N48: 1 | O48: 1 | P48: 1 | Q48: 1 | R48: 0 | S48: 0 | T48: 0 | U48: 0 | V48: 0 | W48: 0
C49: Fix bug Đăng ký | D49: Hưng | E49: 1 | F49: 1 | G49: 1 | H49: 1 | I49: 1 | J49: 1 | K49: 1 | L49: 1 | M49: 1 | N49: 1 | O49: 1 | P49: 1 | Q49: 1 | R49: 0 | S49: 0 | T49: 0 | U49: 0 | V49: 0 | W49: 0
C50: Test chức năng Đổi mật khẩu | D50: Huy | E50: 1 | F50: 1 | G50: 1 | H50: 1 | I50: 1 | J50: 1 | K50: 1 | L50: 1 | M50: 1 | N50: 1 | O50: 1 | P50: 1 | Q50: 1 | R50: 1 | S50: 0 | T50: 1 | U50: 0 | V50: 0 | W50: 0
C51: Fix bug Đổi mật khẩu | D51: Đăng Khôi | E51: 1 | F51: 1 | G51: 1 | H51: 1 | I51: 1 | J51: 1 | K51: 1 | L51: 1 | M51: 1 | N51: 1 | O51: 1 | P51: 1 | Q51: 1 | R51: 1 | S51: 0 | T51: 1 | U51: 0 | V51: 0 | W51: 0
C52: Test chức năng Tài khoản cá nhân | D52: Khôi | E52: 1 | F52: 1 | G52: 1 | H52: 1 | I52: 1 | J52: 1 | K52: 1 | L52: 1 | M52: 1 | N52: 1 | O52: 1 | P52: 1 | Q52: 1 | R52: 1 | S52: 0 | T52: 1 | U52: 0 | V52: 0 | W52: 0
C53: Fix bug Tài khoản cá nhân | D53: Hưng | E53: 1 | F53: 1 | G53: 1 | H53: 1 | I53: 1 | J53: 1 | K53: 1 | L53: 1 | M53: 1 | N53: 1 | O53: 1 | P53: 1 | Q53: 1 | R53: 1 | S53: 0 | T53: 1 | U53: 0 | V53: 0 | W53: 0
C54: Test chức năng Lấy lại mật khẩu | D54: Huy | E54: 1 | F54: 1 | G54: 1 | H54: 1 | I54: 1 | J54: 1 | K54: 1 | L54: 1 | M54: 1 | N54: 1 | O54: 1 | P54: 1 | Q54: 1 | R54: 1 | S54: 0 | T54: 1 | U54: 0 | V54: 0 | W54: 0
C56: Fix bug Lấy lại mật khẩu | D56: Đăng Khôi | E56: 1 | F56: 1 | G56: 1 | H56: 1 | I56: 1 | J56: 1 | K56: 1 | L56: 1 | M56: 1 | N56: 1 | O56: 1 | P56: 1 | Q56: 1 | R56: 1 | S56: 1 | T56: 0 | U56: 0 | V56: 0 | W56: 0
C57: Test chức năng Xem thông tin giáo viên | D57: Khôi | E57: 1 | F57: 1 | G57: 1 | H57: 1 | I57: 1 | J57: 1 | K57: 1 | L57: 1 | M57: 1 | N57: 1 | O57: 1 | P57: 1 | Q57: 1 | R57: 1 | S57: 1 | T57: 0 | U57: 0 | V57: 0 | W57: 0
C58: Fix bug Xem thông tin giáo viên | D58: Hưng | E58: 1 | F58: 1 | G58: 1 | H58: 1 | I58: 1 | J58: 1 | K58: 1 | L58: 1 | M58: 1 | N58: 1 | O58: 1 | P58: 1 | Q58: 1 | R58: 1 | S58: 1 | T58: 1 | U58: 0 | V58: 0 | W58: 0
C59: Test chức năng Tìm kiếm giáo viên | D59: Huy | E59: 1 | F59: 1 | G59: 1 | H59: 1 | I59: 1 | J59: 1 | K59: 1 | L59: 1 | M59: 1 | N59: 1 | O59: 1 | P59: 1 | Q59: 1 | R59: 1 | S59: 1 | T59: 1 | U59: 0 | V59: 0 | W59: 0
C60: Fix bug Tìm kiếm giáo viên | D60: Đăng Khôi | E60: 2 | F60: 1 | G60: 1 | H60: 1 | I60: 1 | J60: 1 | K60: 1 | L60: 1 | M60: 1 | N60: 1 | O60: 1 | P60: 1 | Q60: 1 | R60: 1 | S60: 1 | T60: 1 | U60: 1 | V60: 0 | W60: 0
V61: 1
C62: Test chức năng Xem lịch trống | D62: Khôi | E62: 1 | F62: 1 | G62: 1 | H62: 1 | I62: 1 | J62: 1 | K62: 1 | L62: 1 | M62: 1 | N62: 1 | O62: 1 | P62: 1 | Q62: 1 | R62: 1 | S62: 1 | T62: 1 | U62: 1 | V62: 0 | W62: 0
C63: Fix bug Xem lịch trống | D63: Hưng | E63: 1 | F63: 1 | G63: 1 | H63: 1 | I63: 1 | J63: 1 | K63: 1 | L63: 1 | M63: 1 | N63: 1 | O63: 1 | P63: 1 | Q63: 1 | R63: 1 | S63: 1 | T63: 1 | U63: 1 | V63: 0 | W63: 0
C64: Re-test toàn bộ Sprint 1 | D64: All team | E64: 2 | F64: 2 | G64: 2 | H64: 2 | I64: 2 | J64: 2 | K64: 2 | L64: 2 | M64: 2 | N64: 2 | O64: 2 | P64: 2 | Q64: 2 | R64: 2 | S64: 2 | T64: 2 | U64: 2 | V64: 2 | W64: 0
B65: Sprint Closing | C65: Họp tổng kết & Demo Sprint 1 | D65: All team | E65: 1 | F65: 1 | G65: 1 | H65: 1 | I65: 1 | J65: 1 | K65: 1 | L65: 1 | M65: 1 | N65: 1 | O65: 1 | P65: 1 | Q65: 1 | R65: 1 | S65: 1 | T65: 1 | U65: 1 | V65: 1 | W65: 0
A66: Tổng | C66: Thực tế | E66: 57.5 | G66: =SUM(G16:G65) -> 55 | H66: =SUM(H16:H65)+I20 -> 53.5 | I66: =SUM(I16:I65)-I20 -> 51 | J66: =SUM(J16:J65) -> 45 | K66: =SUM(K16:K65) -> 40 | L66: =SUM(L16:L65) -> 37 | M66: =SUM(M16:M65) -> 36 | N66: =SUM(N16:N65) -> 31 | O66: =SUM(O16:O65) -> 31 | P66: =SUM(P16:P65)-P40 -> 27 | Q66: =SUM(Q16:Q65) -> 19 | R66: =SUM(R16:R65) -> 15 | S66: =SUM(S16:S65) -> 10 | T66: =SUM(T16:T65) -> 13 | U66: =SUM(U16:U65)-V61 -> 5 | V66: 4 | W66: 0
C67: Ước tính | E67: 56 | G67: =SUM(G15:G65) -> 55 | H67: =SUM(H15:H65) -> 53 | I67: =SUM(I15:I65) -> 51.5 | J67: =SUM(J15:J65) -> 45 | K67: =SUM(K15:K65) -> 40 | L67: =SUM(L15:L65) -> 37 | M67: =SUM(M15:M65) -> 36 | N67: =SUM(N15:N65) -> 31 | ... W67: =SUM(W15:W65) -> 0

Sheet Sprint 2
A1: Project name: | C1: SmartTrial | F1: Kết thúc
A2: Module name: | C2: Sprint 2 | F2: Tăng ca
A3: Start date: | C3: 46212 | F3: Muộn
A4: End date: | C4: 46122 | F4: Chậm tiến độ
F5: Trước thời hạn
B6: SPRINT 2 REPORT
B7: No | C7: Thành viên | D7: Thực tế | E7: Ước tính
B8: 1 | C8: Phạm Phú Hưng | D8: =SUMIF($D$15:$D$65,"*Hưng*",E$15:E$65)+SUMIF($D$15:$D$65,"All team",E$15:E$65) -> 18 | E8: =SUMIF($D$15:$D$65,"*Hưng*",F$15:F$65)+SUMIF($D$15:$D$65,"All team",F$15:F$65) -> 18
B9: 2 | C9: Nguyễn Minh Khôi | D9: =SUMIF($D$15:$D$65,"*Khôi*",E$15:E$65)-SUMIF($D$15:$D$65,"*Đăng Khôi*",E$15:E$65)+SUMIF($D$15:$D$65,"All team",E$15:E$65) -> 19.5 | E9: =SUMIF($D$15:$D$65,"*Khôi*",F$15:F$65)-SUMIF($D$15:$D$65,"*Đăng Khôi*",F$15:F$65)+SUMIF($D$15:$D$65,"All team",F$15:F$65) -> 19
B10: 3 | C10: Trần Tấn Huy | D10: =SUMIF($D$15:$D$65,"*Huy*",E$15:E$65)+SUMIF($D$15:$D$65,"All team",E$15:E$65) -> 19 | E10: =SUMIF($D$15:$D$65,"*Khôi*",F$15:F$65)-SUMIF($D$15:$D$65,"*Đăng Khôi*",F$15:F$65)+SUMIF($D$15:$D$65,"All team",F$15:F$65) -> 19
B11: 4 | C11: Nguyễn Đăng Khôi | D11: =SUMIF($D$15:$D$65,"*Đăng Khôi*",E$15:E$65)+SUMIF($D$15:$D$65,"All team",E$15:E$65) -> 20 | E11: =SUMIF($D$15:$D$65,"*Đăng Khôi*",F$15:F$65)+SUMIF($D$15:$D$65,"All team",F$15:F$65) -> 19
B12: Tổng | D12: =SUM(D8:D11) -> 76.5 | E12: =SUM(E8:E11) -> 75
A14: Sprint | B14: Component | C14: Task name | D14: Responsible Member | E14: Thực tế | F14: Ước tính | G14: 46365 | H14: 13/09 | I14: 14/09 | J14: 15/09 | K14: 16/09 | L14: 17/09 | M14: 18/09 | N14: 19/09 | O14: 20/09 | P14: 21/09 | Q14: 22/09 | R14: 23/09 | S14: 24/09 | T14: 25/09 | U14: 26/09 | V14: 27/09 | W14: 28/9/2026 | X14: 29/09/2026 | Y14: 30/9/2026 | Z14: 46032 | AA14: 46063 | AB14: 46091 | AC14: 46122 | AD14: 46152 | AE14: 46183 | AL14: Ngày | AM14: 46365 | AN14: 13/09 | AO14: 14/09 | AP14: 15/09 | AQ14: 16/09 | AR14: 17/09 | AS14: 18/09 | AT14: 19/09 | AU14: 20/09 | AV14: 21/09 | AW14: 22/09 | AX14: 23/09 | AY14: 24/09 | AZ14: 25/09 | BA14: 26/09 | BB14: 27/09 | BC14: 28/9/2026 | BD14: 29/09/2026 | BE14: 30/9/2026 | BF14: 46032 | BG14: 46063 | BH14: 46091 | BI14: 46122 | BJ14: 46152 | BK14: 46183
A15: SPRINT 2 | B15: Sprint Planning | C15: Họp kế hoạch Sprint 2 | D15: All team | E15: 1 | F15: 1 | G15: 0 | H15: 0 | I15: 0 | J15: 0 | K15: 0 | L15: 0 | M15: 0 | N15: 0 | O15: 0 | P15: 0 | Q15: 0 | R15: 0 | S15: 0 | T15: 0 | U15: 0 | V15: 0 | W15: 0 | X15: 0 | Y15: 0 | Z15: 0 | AA15: 0 | AB15: 0 | AC15: 0 | AD15: 0 | AE15: 0 | AL15: Thực tế | AM15: =G66 -> 55 | AN15: =H66 -> 54 | AO15: =I66 -> 53 | AP15: =J66 -> 51 | AQ15: =K66 -> 49 | AR15: =L66 -> 46.5 | AS15: =M66 -> 45 | AT15: =N66 -> 44 | ... BK15: =AE66 -> 0
C16: Tạo Sprint Backlog 2 | D16: Khôi, Đăng Khôi | E16: 1 | F16: 1 | G16: 1 | H16: 0 | I16: 0 | J16: 0 | K16: 0 | L16: 0 | M16: 0 | N16: 0 | O16: 0 | P16: 0 | Q16: 0 | R16: 0 | S16: 0 | T16: 0 | U16: 0 | V16: 0 | W16: 0 | X16: 0 | Y16: 0 | Z16: 0 | AA16: 0 | AB16: 0 | AC16: 0 | AD16: 0 | AE16: 0 | AL16: Ước tính | AM16: =G67 -> 56 | AN16: =H67 -> 55 | AO16: =I67 -> 54 | AP16: =J67 -> 53 | AQ16: =K67 -> 51 | AR16: =L67 -> 49 | AS16: =M67 -> 47.5 | AT16: =N67 -> 45 | ... BK16: =AE67 -> 0 | BY16: =CW67 -> 0 | BZ16: =CX67 -> 0 | CA16: =CY67 -> 0 | CB16: =CZ67 -> 0 | CC16: =DA67 -> 0 | CD16: =DB67 -> 0 | CE16: =DC67 -> 0 | CF16: =DD67 -> 0 | ... CU16: =DS67 -> 0
C17: Tạo tài liệu kiểm thử cho Sprint 2 | D17: Huy, Khôi | E17: 1 | F17: 1 | G17: 1 | H17: 1 | I17: 0 | J17: 0 | K17: 0 | L17: 0 | M17: 0 | N17: 0 | O17: 0 | P17: 0 | Q17: 0 | R17: 0 | S17: 0 | T17: 0 | U17: 0 | V17: 0 | W17: 0 | X17: 0 | Y17: 0 | Z17: 0 | AA17: 0 | AB17: 0 | AC17: 0 | AD17: 0 | AE17: 0
B18: User interface design | C18: Thiết kế giao diện Quản lý lịch dạy | D18: Huy | E18: 1 | F18: 1 | G18: 1 | H18: 1 | I18: 1 | J18: 0 | K18: 0 | L18: 0 | M18: 0 | N18: 0 | O18: 0 | P18: 0 | Q18: 0 | R18: 0 | S18: 0 | T18: 0 | U18: 0 | V18: 0 | W18: 0 | X18: 0 | Y18: 0 | Z18: 0 | AA18: 0 | AB18: 0 | AC18: 0 | AD18: 0 | AE18: 0
C19: Thiết kế giao diện Đặt lịch học thử | D19: Khôi | E19: 1 | F19: 1 | G19: 1 | H19: 1 | I19: 1 | J19: 0 | K19: 0 | L19: 0 | M19: 0 | N19: 0 | O19: 0 | P19: 0 | Q19: 0 | R19: 0 | S19: 0 | T19: 0 | U19: 0 | V19: 0 | W19: 0 | X19: 0 | Y19: 0 | Z19: 0 | AA19: 0 | AB19: 0 | AC19: 0 | AD19: 0 | AE19: 0
C20: Thiết kế giao diện Xem lịch học | D20: Huy | E20: 1 | F20: 1 | G20: 1 | H20: 1 | I20: 1 | J20: 1 | K20: 0 | L20: 0 | M20: 0 | N20: 0 | O20: 0 | P20: 0 | Q20: 0 | R20: 0 | S20: 0 | T20: 0 | U20: 0 | V20: 0 | W20: 0 | X20: 0 | Y20: 0 | Z20: 0 | AA20: 0 | AB20: 0 | AC20: 0 | AD20: 0 | AE20: 0
C21: Thiết kế giao diện Quản lý yêu cầu đặt lịch | D21: Khôi | E21: 1 | F21: 1 | G21: 1 | H21: 1 | I21: 1 | J21: 1 | K21: 0 | L21: 0 | M21: 0 | N21: 0 | O21: 0 | P21: 0 | Q21: 0 | R21: 0 | S21: 0 | T21: 0 | U21: 0 | V21: 0 | W21: 0 | X21: 0 | Y21: 0 | Z21: 0 | AA21: 0 | AB21: 0 | AC21: 0 | AD21: 0 | AE21: 0
C22: Thiết kế giao diện Tư vấn trực tuyến | D22: Huy | E22: 1 | F22: 1 | G22: 1 | H22: 1 | I22: 1 | J22: 1 | K22: 1 | L22: 0 | M22: 0 | N22: 0 | O22: 0 | P22: 0 | Q22: 0 | R22: 0 | S22: 0 | T22: 0 | U22: 0 | V22: 0 | W22: 0 | X22: 0 | Y22: 0 | Z22: 0 | AA22: 0 | AB22: 0 | AC22: 0 | AD22: 0 | AE22: 0
C23: Thiết kế giao diện Chatbot AI | D23: Khôi | E23: 0.5 | F23: 1 | G23: 1 | H23: 1 | I23: 1 | J23: 1 | K23: 1 | L23: 0 | M23: 0 | N23: 0 | O23: 0 | P23: 0 | Q23: 0 | R23: 0 | S23: 0 | T23: 0 | U23: 0 | V23: 0 | W23: 0 | X23: 0 | Y23: 0 | Z23: 0 | AA23: 0 | AB23: 0 | AC23: 0 | AD23: 0 | AE23: 0
L24: 0.5
C25: Thiết kế giao diện Thanh toán | D25: Huy | E25: 1 | F25: 1 | G25: 1 | H25: 1 | I25: 1 | J25: 1 | K25: 1 | L25: 1 | M25: 0 | N25: 0 | O25: 0 | P25: 0 | Q25: 0 | R25: 0 | S25: 0 | T25: 0 | U25: 0 | V25: 0 | W25: 0 | X25: 0 | Y25: 0 | Z25: 0 | AA25: 0 | AB25: 0 | AC25: 0 | AD25: 0 | AE25: 0
C26: Thiết kế giao diện Báo cáo và thống kê | D26: Khôi | E26: 1 | F26: 1 | G26: 1 | H26: 1 | I26: 1 | J26: 1 | K26: 1 | L26: 1 | M26: 0 | N26: 0 | O26: 0 | P26: 0 | Q26: 0 | R26: 0 | S26: 0 | T26: 0 | U26: 0 | V26: 0 | W26: 0 | X26: 0 | Y26: 0 | Z26: 0 | AA26: 0 | AB26: 0 | AC26: 0 | AD26: 0 | AE26: 0
C27: Review toàn bộ giao diện Sprint | D27: All team | E27: 1 | F27: 1 | G27: 1 | H27: 1 | I27: 1 | J27: 1 | K27: 1 | L27: 1 | M27: 1 | N27: 0 | O27: 0 | P27: 0 | Q27: 0 | R27: 0 | S27: 0 | T27: 0 | U27: 0 | V27: 0 | W27: 0 | X27: 0 | Y27: 0 | Z27: 0 | AA27: 0 | AB27: 0 | AC27: 0 | AD27: 0 | AE27: 0
B28: Design test case | C28: Thiết kế test case cho Quản lý lịch dạy | D28: Huy | E28: 1 | F28: 1 | G28: 1 | H28: 1 | I28: 1 | J28: 1 | K28: 1 | L28: 1 | M28: 1 | N28: 1 | O28: 0 | P28: 0 | Q28: 0 | R28: 0 | S28: 0 | T28: 0 | U28: 0 | V28: 0 | W28: 0 | X28: 0 | Y28: 0 | Z28: 0 | AA28: 0 | AB28: 0 | AC28: 0 | AD28: 0 | AE28: 0
C29: Thiết kế test case cho Đặt lịch học thử | D29: Khôi | E29: 1 | F29: 1 | G29: 1 | H29: 1 | I29: 1 | J29: 1 | K29: 1 | L29: 1 | M29: 1 | N29: 1 | O29: 0 | P29: 0 | Q29: 0 | R29: 0 | S29: 0 | T29: 0 | U29: 0 | V29: 0 | W29: 0 | X29: 0 | Y29: 0 | Z29: 0 | AA29: 0 | AB29: 0 | AC29: 0 | AD29: 0 | AE29: 0
C30: Thiết kế test case cho Xem lịch học | D30: Huy | E30: 1 | F30: 1 | G30: 1 | H30: 1 | I30: 1 | J30: 1 | K30: 1 | L30: 1 | M30: 1 | N30: 1 | O30: 1 | P30: 0 | Q30: 0 | R30: 0 | S30: 0 | T30: 0 | U30: 0 | V30: 0 | W30: 0 | X30: 0 | Y30: 0 | Z30: 0 | AA30: 0 | AB30: 0 | AC30: 0 | AD30: 0 | AE30: 0
C31: Thiết kế test case cho Quản lý yêu cầu đặt lịch | D31: Khôi | E31: 1 | F31: 1 | G31: 1 | H31: 1 | I31: 1 | J31: 1 | K31: 1 | L31: 1 | M31: 1 | N31: 1 | O31: 1 | P31: 0 | Q31: 0 | R31: 0 | S31: 0 | T31: 0 | U31: 0 | V31: 0 | W31: 0 | X31: 0 | Y31: 0 | Z31: 0 | AA31: 0 | AB31: 0 | AC31: 0 | AD31: 0 | AE31: 0
C32: Thiết kế test case cho Tư vấn trực tuyến | D32: Huy | E32: 1 | F32: 1 | G32: 1 | H32: 1 | I32: 1 | J32: 1 | K32: 1 | L32: 1 | M32: 1 | N32: 1 | O32: 1 | P32: 1 | Q32: 0 | R32: 0 | S32: 0 | T32: 0 | U32: 0 | V32: 0 | W32: 0 | X32: 0 | Y32: 0 | Z32: 0 | AA32: 0 | AB32: 0 | AC32: 0 | AD32: 0 | AE32: 0
C33: Thiết kế test case cho Chatbot AI | D33: Khôi | E33: 1 | F33: 1 | G33: 1 | H33: 1 | I33: 1 | J33: 1 | K33: 1 | L33: 1 | M33: 1 | N33: 1 | O33: 1 | P33: 1 | Q33: 0 | R33: 0 | S33: 0 | T33: 0 | U33: 0 | V33: 0 | W33: 0 | X33: 0 | Y33: 0 | Z33: 0 | AA33: 0 | AB33: 0 | AC33: 0 | AD33: 0 | AE33: 0
C34: Thiết kế test case cho Thanh toán | D34: Huy | E34: 1 | F34: 1 | G34: 1 | H34: 1 | I34: 1 | J34: 1 | K34: 1 | L34: 1 | M34: 1 | N34: 1 | O34: 1 | P34: 1 | Q34: 1 | R34: 0 | S34: 0 | T34: 0 | U34: 0 | V34: 0 | W34: 0 | X34: 0 | Y34: 0 | Z34: 0 | AA34: 0 | AB34: 0 | AC34: 0 | AD34: 0 | AE34: 0
C35: Thiết kế test case cho Báo cáo và thống kê | D35: Khôi | E35: 1 | F35: 1 | G35: 1 | H35: 1 | I35: 1 | J35: 1 | K35: 1 | L35: 1 | M35: 1 | N35: 1 | O35: 1 | P35: 1 | Q35: 1 | R35: 0 | S35: 0 | T35: 0 | U35: 0 | V35: 0 | W35: 0 | X35: 0 | Y35: 0 | Z35: 0 | AA35: 0 | AB35: 0 | AC35: 0 | AD35: 0 | AE35: 0
C36: Review toàn bộ test case Sprint | D36: All team | E36: 1 | F36: 1 | G36: 1 | H36: 1 | I36: 1 | J36: 1 | K36: 1 | L36: 1 | M36: 1 | N36: 1 | O36: 1 | P36: 1 | Q36: 1 | R36: 1 | S36: 0 | T36: 0 | U36: 0 | V36: 0 | W36: 0 | X36: 0 | Y36: 0 | Z36: 0 | AA36: 0 | AB36: 0 | AC36: 0 | AD36: 0 | AE36: 0
B37: Development | C37: Code chức năng Quản lý lịch dạy | D37: Đăng Khôi | E37: 2 | F37: 2 | G37: 2 | H37: 2 | I37: 2 | J37: 2 | K37: 2 | L37: 2 | M37: 2 | N37: 2 | O37: 2 | P37: 2 | Q37: 2 | R37: 2 | S37: 0 | T37: 0 | U37: 0 | V37: 0 | W37: 0 | X37: 0 | Y37: 0 | Z37: 0 | AA37: 0 | AB37: 0 | AC37: 0 | AD37: 0 | AE37: 0
C38: Code chức năng Đặt lịch học thử | D38: Hưng | E38: 2 | F38: 2 | G38: 2 | H38: 2 | I38: 2 | J38: 2 | K38: 2 | L38: 2 | M38: 2 | N38: 2 | O38: 2 | P38: 2 | Q38: 2 | R38: 2 | S38: 0 | T38: 0 | U38: 0 | V38: 0 | W38: 0 | X38: 0 | Y38: 0 | Z38: 0 | AA38: 0 | AB38: 0 | AC38: 0 | AD38: 0 | AE38: 0
C39: Code chức năng Xem lịch học | D39: Đăng Khôi | E39: 2 | F39: 2 | G39: 2 | H39: 2 | I39: 2 | J39: 2 | K39: 2 | L39: 2 | M39: 2 | N39: 2 | O39: 2 | P39: 2 | Q39: 2 | R39: 2 | S39: 2 | T39: 2 | U39: 0 | V39: 0 | W39: 0 | X39: 0 | Y39: 0 | Z39: 0 | AA39: 0 | AB39: 0 | AC39: 0 | AD39: 0 | AE39: 0
C40: Code chức năng Quản lý yêu cầu đặt lịch | D40: Hưng | E40: 2 | F40: 2 | G40: 2 | H40: 2 | I40: 2 | J40: 2 | K40: 2 | L40: 2 | M40: 2 | N40: 2 | O40: 2 | P40: 2 | Q40: 2 | R40: 2 | S40: 2 | T40: 2 | U40: 0 | V40: 0 | W40: 0 | X40: 0 | Y40: 0 | Z40: 0 | AA40: 0 | AB40: 0 | AC40: 0 | AD40: 0 | AE40: 0
C41: Code chức năng Tư vấn trực tuyến | D41: Đăng Khôi | E41: 2 | F41: 2 | G41: 2 | H41: 2 | I41: 2 | J41: 2 | K41: 2 | L41: 2 | M41: 2 | N41: 2 | O41: 2 | P41: 2 | Q41: 2 | R41: 2 | S41: 2 | T41: 2 | U41: 2 | V41: 2 | W41: 0 | X41: 0 | Y41: 0 | Z41: 0 | AA41: 0 | AB41: 0 | AC41: 0 | AD41: 0 | AE41: 0
C42: Code chức năng Chatbot AI | D42: Hưng | E42: 2 | F42: 2 | G42: 2 | H42: 2 | I42: 2 | J42: 2 | K42: 2 | L42: 2 | M42: 2 | N42: 2 | O42: 2 | P42: 2 | Q42: 2 | R42: 2 | S42: 2 | T42: 2 | U42: 2 | V42: 2 | W42: 0 | X42: 0 | Y42: 0 | Z42: 0 | AA42: 0 | AB42: 0 | AC42: 0 | AD42: 0 | AE42: 0
C43: Code chức năng Thanh toán | D43: Đăng Khôi | E43: 3 | F43: 2 | G43: 2 | H43: 2 | I43: 2 | J43: 2 | K43: 2 | L43: 2 | M43: 2 | N43: 2 | O43: 2 | P43: 2 | Q43: 2 | R43: 2 | S43: 2 | T43: 2 | U43: 2 | V43: 2 | W43: 2 | X43: 0 | Y43: 0 | Z43: 0 | AA43: 0 | AB43: 0 | AC43: 0 | AD43: 0 | AE43: 0
X44: 1
C45: Code chức năng Báo cáo và thống kê | D45: Hưng | E45: 2 | F45: 2 | G45: 2 | H45: 2 | I45: 2 | J45: 2 | K45: 2 | L45: 2 | M45: 2 | N45: 2 | O45: 2 | P45: 2 | Q45: 2 | R45: 2 | S45: 2 | T45: 2 | U45: 2 | V45: 2 | W45: 2 | X45: 2 | Y45: 0 | Z45: 0 | AA45: 0 | AB45: 0 | AC45: 0 | AD45: 0 | AE45: 0
B46: Testing & Fix bug | C46: Test chức năng Quản lý lịch dạy | D46: Huy | E46: 1 | F46: 1 | G46: 1 | H46: 1 | I46: 1 | J46: 1 | K46: 1 | L46: 1 | M46: 1 | N46: 1 | O46: 1 | P46: 1 | Q46: 1 | R46: 1 | S46: 1 | T46: 1 | U46: 1 | V46: 1 | W46: 1 | X46: 1 | Y46: 0 | Z46: 0 | AA46: 0 | AB46: 0 | AC46: 0 | AD46: 0 | AE46: 0
C47: Fix bug Quản lý lịch dạy | D47: Đăng Khôi | E47: 1 | F47: 1 | G47: 1 | H47: 1 | I47: 1 | J47: 1 | K47: 1 | L47: 1 | M47: 1 | N47: 1 | O47: 1 | P47: 1 | Q47: 1 | R47: 1 | S47: 1 | T47: 1 | U47: 1 | V47: 1 | W47: 1 | X47: 1 | Y47: 0 | Z47: 0 | AA47: 0 | AB47: 0 | AC47: 0 | AD47: 0 | AE47: 0
C49: Test chức năng Đặt lịch học thử | D49: Khôi | E49: 1 | F49: 1 | G49: 1 | H49: 1 | I49: 1 | J49: 1 | K49: 1 | L49: 1 | M49: 1 | N49: 1 | O49: 1 | P49: 1 | Q49: 1 | R49: 1 | S49: 1 | T49: 1 | U49: 1 | V49: 1 | W49: 1 | X49: 1 | Y49: 0 | Z49: 0 | AA49: 0 | AB49: 0 | AC49: 0 | AD49: 0 | AE49: 0
C50: Fix bug Đặt lịch học thử | D50: Hưng | E50: 1 | F50: 1 | G50: 1 | H50: 1 | I50: 1 | J50: 1 | K50: 1 | L50: 1 | M50: 1 | N50: 1 | O50: 1 | P50: 1 | Q50: 1 | R50: 1 | S50: 1 | T50: 1 | U50: 1 | V50: 1 | W50: 1 | X50: 1 | Y50: 0 | Z50: 0 | AA50: 0 | AB50: 0 | AC50: 0 | AD50: 0 | AE50: 0
C51: Test chức năng Xem lịch học | D51: Huy | E51: 1 | F51: 1 | G51: 1 | H51: 1 | I51: 1 | J51: 1 | K51: 1 | L51: 1 | M51: 1 | N51: 1 | O51: 1 | P51: 1 | Q51: 1 | R51: 1 | S51: 1 | T51: 1 | U51: 1 | V51: 1 | W51: 1 | X51: 1 | Y51: 0 | Z51: 0 | AA51: 0 | AB51: 0 | AC51: 0 | AD51: 0 | AE51: 0
C52: Fix bug Xem lịch học | D52: Đăng Khôi | E52: 1 | F52: 1 | G52: 1 | H52: 1 | I52: 1 | J52: 1 | K52: 1 | L52: 1 | M52: 1 | N52: 1 | O52: 1 | P52: 1 | Q52: 1 | R52: 1 | S52: 1 | T52: 1 | U52: 1 | V52: 1 | W52: 1 | X52: 1 | Y52: 1 | Z52: 0 | AA52: 0 | AB52: 0 | AC52: 0 | AD52: 0 | AE52: 0
C53: Test chức năng Quản lý yêu cầu đặt lịch | D53: Khôi | E53: 1 | F53: 1 | G53: 1 | H53: 1 | I53: 1 | J53: 1 | K53: 1 | L53: 1 | M53: 1 | N53: 1 | O53: 1 | P53: 1 | Q53: 1 | R53: 1 | S53: 1 | T53: 1 | U53: 1 | V53: 1 | W53: 1 | X53: 1 | Y53: 1 | Z53: 0 | AA53: 0 | AB53: 0 | AC53: 0 | AD53: 0 | AE53: 0
C54: Fix bug Quản lý yêu cầu đặt lịch | D54: Hưng | E54: 1 | F54: 1 | G54: 1 | H54: 1 | I54: 1 | J54: 1 | K54: 1 | L54: 1 | M54: 1 | N54: 1 | O54: 1 | P54: 1 | Q54: 1 | R54: 1 | S54: 1 | T54: 1 | U54: 1 | V54: 1 | W54: 1 | X54: 1 | Y54: 1 | Z54: 0 | AA54: 0 | AB54: 0 | AC54: 0 | AD54: 0 | AE54: 0
C55: Test chức năng Tư vấn trực tuyến | D55: Huy | E55: 1 | F55: 1 | G55: 1 | H55: 1 | I55: 1 | J55: 1 | K55: 1 | L55: 1 | M55: 1 | N55: 1 | O55: 1 | P55: 1 | Q55: 1 | R55: 1 | S55: 1 | T55: 1 | U55: 1 | V55: 1 | W55: 1 | X55: 1 | Y55: 1 | Z55: 0 | AA55: 0 | AB55: 0 | AC55: 0 | AD55: 0 | AE55: 0
C56: Fix bug Tư vấn trực tuyến | D56: Đăng Khôi | E56: 1 | F56: 1 | G56: 1 | H56: 1 | I56: 1 | J56: 1 | K56: 1 | L56: 1 | M56: 1 | N56: 1 | O56: 1 | P56: 1 | Q56: 1 | R56: 1 | S56: 1 | T56: 1 | U56: 1 | V56: 1 | W56: 1 | X56: 1 | Y56: 1 | Z56: 1 | AA56: 0 | AB56: 0 | AC56: 0 | AD56: 0 | AE56: 0
C57: Test chức năng Chatbot AI | D57: Khôi | E57: 1 | F57: 1 | G57: 1 | H57: 1 | I57: 1 | J57: 1 | K57: 1 | L57: 1 | M57: 1 | N57: 1 | O57: 1 | P57: 1 | Q57: 1 | R57: 1 | S57: 1 | T57: 1 | U57: 1 | V57: 1 | W57: 1 | X57: 1 | Y57: 1 | Z57: 1 | AA57: 0 | AB57: 0 | AC57: 0 | AD57: 0 | AE57: 0
C58: Fix bug Chatbot AI | D58: Hưng | E58: 1 | F58: 1 | G58: 1 | H58: 1 | I58: 1 | J58: 1 | K58: 1 | L58: 1 | M58: 1 | N58: 1 | O58: 1 | P58: 1 | Q58: 1 | R58: 1 | S58: 1 | T58: 1 | U58: 1 | V58: 1 | W58: 1 | X58: 1 | Y58: 1 | Z58: 1 | AA58: 0 | AB58: 0 | AC58: 0 | AD58: 0 | AE58: 0
C59: Test chức năng Thanh toán | D59: Huy | E59: 1 | F59: 1 | G59: 1 | H59: 1 | I59: 1 | J59: 1 | K59: 1 | L59: 1 | M59: 1 | N59: 1 | O59: 1 | P59: 1 | Q59: 1 | R59: 1 | S59: 1 | T59: 1 | U59: 1 | V59: 1 | W59: 1 | X59: 1 | Y59: 1 | Z59: 1 | AA59: 0 | AB59: 0 | AC59: 0 | AD59: 0 | AE59: 0
... C61: Test chức năng Báo cáo và thống kê | D61: Khôi | E61: 2 | F61: 1 | G61: 1 | H61: 1 | I61: 1 | J61: 1 | K61: 1 | L61: 1 | M61: 1 | N61: 1 | O61: 1 | P61: 1 | Q61: 1 | R61: 1 | S61: 1 | T61: 1 | U61: 1 | V61: 1 | W61: 1 | X61: 1 | Y61: 1 | Z61: 1 | AA61: 1 | AB61: 1 | AC61: 1 | AD61: 0 | AE61: 0
AD62: 1
C63: Fix bug Báo cáo và thống kê | D63: Hưng | E63: 1 | F63: 1 | G63: 1 | H63: 1 | I63: 1 | J63: 1 | K63: 1 | L63: 1 | M63: 1 | N63: 1 | O63: 1 | P63: 1 | Q63: 1 | R63: 1 | S63: 1 | T63: 1 | U63: 1 | V63: 1 | W63: 1 | X63: 1 | Y63: 1 | Z63: 1 | AA63: 1 | AB63: 1 | AC63: 1 | AD63: 0 | AE63: 0
C64: Re-test toàn bộ Sprint 2 | D64: All team | E64: 2 | F64: 2 | G64: 2 | H64: 2 | I64: 2 | J64: 2 | K64: 2 | L64: 2 | M64: 2 | N64: 2 | O64: 2 | P64: 2 | Q64: 2 | R64: 2 | S64: 2 | T64: 2 | U64: 2 | V64: 2 | W64: 2 | X64: 2 | Y64: 2 | Z64: 2 | AA64: 2 | AB64: 2 | AC64: 2 | AD64: 0 | AE64: 0
B65: Sprint Closing | C65: Họp tổng kết & Demo Sprint 2 | D65: All team | E65: 1 | F65: 1 | G65: 1 | H65: 1 | I65: 1 | J65: 1 | K65: 1 | L65: 1 | M65: 1 | N65: 1 | O65: 1 | P65: 1 | Q65: 1 | R65: 1 | S65: 1 | T65: 1 | U65: 1 | V65: 1 | W65: 1 | X65: 1 | Y65: 1 | Z65: 1 | AA65: 1 | AB65: 1 | AC65: 1 | AD65: 1 | AE65: 0
A66: Tổng | C66: Thực tế | E66: =SUM(E15:E65) -> 57.5 | G66: =SUM(G16:G65) -> 55 | H66: =SUM(H16:H65) -> 54 | I66: =SUM(I16:I65) -> 53 | J66: =SUM(J16:J65) -> 51 | K66: =SUM(K16:K65) -> 49 | L66: =SUM(L16:L65)-L25 -> 46.5 | M66: =SUM(M16:M65) -> 45 | N66: =SUM(N16:N65) -> 44 | O66: =SUM(O16:O65) -> 42 | P66: =SUM(P16:P65) -> 40 | Q66: =SUM(Q16:Q65) -> 38 | R66: =SUM(R16:R65) -> 36 | S66: =SUM(S16:S65) -> 31 | T66: =SUM(T16:T65) -> 31 | ... V66: =SUM(V16:V65) -> 27 | W66: =SUM(W16:W65)-X44 -> 22 | X66: =SUM(X16:X65) -> 22 | Y66: =SUM(Y16:Y65) -> 14 | Z66: =SUM(Z16:Z65) -> 10 | AA66: =SUM(AA16:AA65) -> 6 | AB66: =SUM(AB16:AB65) -> 6 | AC66: =SUM(AC16:AC65)-AD62 -> 4 | AD66: =SUM(AD16:AD65)-AD62 -> 1 | AE66: =SUM(AE16:AE65) -> 0
C67: Ước tính | E67: =SUM(F15:F65) -> 56 | G67: =SUM(F15:F65) -> 56 | H67: =SUM(G15:G65) -> 55 | I67: =SUM(H15:H65) -> 54 | J67: =SUM(I15:I65) -> 53 | K67: =SUM(J15:J65) -> 51 | L67: =SUM(K15:K65) -> 49 | M67: =SUM(L15:L65) -> 47.5 | N67: =SUM(M15:M65) -> 45 | ... W67: =SUM(V15:V65) -> 27 | X67: =SUM(W15:W65)-X44 -> 22 | Y67: =SUM(X15:X65) -> 22 | Z67: =SUM(Y15:Y65) -> 14 | AA67: =SUM(Z15:Z65) -> 10 | AB67: =SUM(Z15:Z65) -> 10 | AC67: =SUM(AB15:AB65) -> 6 | AD67: =SUM(AC15:AC65) -> 5 | AE67: =SUM(AE17:AE66) -> 0

Sheet Total
A1: SPRINT BACKLOG REPORT
B2: Hưng | D2: Minh Khôi | F2: Đăng Khôi | H2: Huy
B3: Thực tế | C3: Ước tính | D3: Thực tế | E3: Ước tính | F3: Thực tế | G3: Ước tính | H3: Thực tế | I3: Ước tính
A4: Sprint 1 | B4: ='Sprint 1'!$D$8 -> 18 | C4: ='Sprint 1'!$E$8 -> 18 | D4: ='Sprint 1'!$D$9 -> 18.5 | E4: ='Sprint 1'!$E$9 -> 19 | F4: ='Sprint 1'!$D$10 -> 21 | G4: ='Sprint 1'!$E$10 -> 19 | H4: ='Sprint 1'!$D$11 -> 19 | I4: ='Sprint 1'!$E$11 -> 19
A5: Sprint 2 | B5: ='Sprint 2'!$D$8 -> 18 | C5: ='Sprint 2'!$E$8 -> 18 | D5: ='Sprint 2'!$D$9 -> 19.5 | E5: ='Sprint 2'!$E$9 -> 19 | F5: ='Sprint 2'!$D$11 -> 20 | G5: ='Sprint 2'!$E$11 -> 19 | H5: ='Sprint 2'!$D$10 -> 19 | I5: ='Sprint 2'!$E$10 -> 19
A6: Tổng | B6: =SUM(B4:B5) -> 36 | C6: =SUM(C4:C5) -> 36 | D6: =SUM(D4:D5) -> 38 | E6: =SUM(E4:E5) -> 38 | F6: =SUM(F4:F5) -> 41 | G6: =SUM(G4:G5) -> 38 | H6: =SUM(H4:H5) -> 38 | I6: =SUM(I4:I5) -> 38
E9: FINAL TOTAL
E10: Thực tế | F10: =SUMIF($B$3:$I$3,"Thực tế",$B$6:$I$6) -> 153
E11: Ước tính | F11: =SUMIF($B$3:$I$3,"Ước tính",$B$6:$I$6) -> 150
